{"cameraMode":{"drawMode":0,"name":"Shaded","section":"Shading Mode"},"sceneLighting":true,"audioPlay":false,"sceneViewState":{"m_AlwaysRefresh":false,"showFog":true,"showSkybox":true,"showFlares":true,"showImageEffects":true,"showParticleSystems":true,"showVisualEffectGraphs":true,"m_FxEnabled":true},"in2DMode":false,"pivot":{"x":-0.731686532497406,"y":0.10611367225646973,"z":-3.8046627044677736},"rotation":{"x":-0.4526965022087097,"y":0.008557063527405262,"z":-0.0043448032811284069,"w":-0.8916146159172058},"size":2.569355010986328,"orthographic":false}