{"cameraMode":{"drawMode":0,"name":"Shaded","section":"Shading Mode"},"sceneLighting":true,"audioPlay":false,"sceneViewState":{"m_AlwaysRefresh":false,"showFog":true,"showSkybox":true,"showFlares":true,"showImageEffects":true,"showParticleSystems":true,"showVisualEffectGraphs":true,"m_FxEnabled":true},"in2DMode":false,"pivot":{"x":1.8299354314804078,"y":0.5672450065612793,"z":-3.124506711959839},"rotation":{"x":-0.4526965022087097,"y":0.008557063527405262,"z":-0.0043448032811284069,"w":-0.8916146159172058},"size":7.699100017547607,"orthographic":false}