{"cameraMode":{"drawMode":0,"name":"Shaded","section":"Shading Mode"},"sceneLighting":false,"audioPlay":false,"sceneViewState":{"m_AlwaysRefresh":false,"showFog":true,"showSkybox":false,"showFlares":true,"showImageEffects":true,"showParticleSystems":true,"showVisualEffectGraphs":true,"m_FxEnabled":true},"in2DMode":false,"pivot":{"x":-0.12006962299346924,"y":-0.26172107458114626,"z":-0.1064482033252716},"rotation":{"x":-0.0495099201798439,"y":0.7983352541923523,"z":-0.06626120209693909,"w":-0.596506655216217},"size":1.2247449159622193,"orthographic":false}